Full Name,Phone,Email,Date,Address,Gender,City
Allison Hill,94706266379,donaldgarcia@example.net,10/25/2025,600 Jeffery Parkways,Female,Ratnapura
Kristina Baldwin,735847657,lrobinson@example.com,8/25/2025,65423 Garcia Light,Male,Kilinochchi
Ryan Munoz,94755845130,blairamanda@example.com,3/9/2024,959 Janet Cape Apt. 413,Male,Badulla
Jamie Chavez,772691304,francisco53@example.net,7/25/2024,283 Steven Groves,Male,Polonnaruwa
Margaret Hawkins DDS,94735740756,perezantonio@example.com,10/31/2024,95376 Thomas Dam,Female,Kandy
Justin Baker,700545311,zhurst@example.com,6/20/2024,710 Eric Estate,Male,Monaragala
Jennifer Brown,94701409392,dcarlson@example.net,7/13/2024,184 Rodriguez Mews,Male,Polonnaruwa
Aaron Bowen,779395602,teresa28@example.org,10/9/2025,893 Nathaniel Estates Apt. 957,Male,Jaffna
Timothy Koch,783743047,john39@example.org,3/14/2024,82278 Joseph Well Suite 383,Male,Kandy
Jennifer Powers,94763839723,samuel87@example.org,7/11/2024,0983 Adrian Station,Male,Hambantota
Crystal Whitehead,94722511071,chad34@example.net,12/31/2024,997 Kristen Valley,Female,Badulla
Brandon Hopkins,703685728,rodney70@example.net,5/3/2025,65133 Amanda Dam,Female,Matara
Donald Wright,791756430,ramosmichelle@example.net,3/23/2024,32677 Michelle Circle,Male,Jaffna
Aaron Myers,94788013618,smitchell@example.net,1/8/2026,34309 Julie Centers Apt. 978,Female,Hambantota
Kim Brown,735635971,yorkcasey@example.org,5/19/2025,1939 Christine Manor,Female,Mannar
Krystal Stewart,799804988,james53@example.com,10/27/2024,5107 Charles Forest Suite 251,Female,Galle
Jaclyn Moore,718356512,cheryl80@example.net,8/31/2025,124 Pamela Summit Apt. 449,Male,Jaffna
Grant Watts,94739016279,william40@example.org,4/19/2025,05242 Arnold Meadow Apt. 112,Male,Vavuniya
Sandra Aguilar,94755668624,russellwilliams@example.com,10/30/2025,3315 Dickson Summit,Male,Badulla
Timothy Hancock,94765142936,nicolejohnson@example.net,11/17/2025,342 Patrick Camp Suite 337,Male,Ampara
Robert Savage,767010194,andrewlee@example.com,8/2/2024,5868 Crosby Crescent,Male,Ampara
Debbie Carpenter,94784655781,benjamin96@example.com,6/27/2025,9816 Jonathan Station Suite 088,Female,Trincomalee
Teresa Mclaughlin,94798054509,michaeljones@example.net,11/15/2025,148 Estrada Islands Suite 482,Female,Nuwara Eliya
Maurice Gray,94783843546,christinaturner@example.net,9/12/2025,3699 Marshall Mills Apt. 872,Male,Negombo
Diane Beck,94798618610,clarence34@example.org,8/23/2025,03791 Perry Roads,Male,Negombo
Michelle Cruz,754645432,psanchez@example.net,1/16/2024,3287 Angela Vista,Male,Badulla
Casey Marshall,748143580,stephanie79@example.net,10/25/2025,727 Green Gateway Suite 873,Male,Kalutara
Billy Mitchell,94746558777,matthew81@example.org,5/1/2024,231 Russell Plains Suite 603,Female,Jaffna
Jean Carrillo,777940747,gateskathy@example.com,12/25/2024,6688 Tracy Groves Suite 706,Male,Badulla
Michael Powell,797723887,marycalhoun@example.net,2/5/2025,901 Taylor Mountain Apt. 046,Female,Mannar
Jesse Rogers,94768198788,aramirez@example.com,9/13/2025,80531 Karen Gateway Apt. 092,Female,Kilinochchi
John Wilson,94779225118,stevenscott@example.com,5/13/2024,41904 Sanders Stravenue,Female,Nuwara Eliya
Kevin Rivas,745615684,curtisbarton@example.net,3/25/2025,058 Stanley Cliff,Female,Batticaloa
Gloria Atkinson,94722638472,xgarcia@example.net,10/24/2025,262 Gilbert Plain Suite 769,Male,Anuradhapura
Samuel Rivas,94770807230,ramirezshannon@example.com,3/3/2025,0752 Lewis Union Suite 549,Female,Mannar
Desiree Smith,773068954,christophercortez@example.com,2/20/2025,777 Christopher Forges,Male,Badulla
David Beck,759149912,thomas85@example.com,1/9/2026,7444 David Fields Suite 182,Female,Trincomalee
Parker Hill,791462383,tina34@example.org,10/1/2024,82400 Terry Crossroad Suite 109,Male,Badulla
John Peterson,94768519212,kingmichelle@example.org,9/3/2025,1902 Lisa Hollow Apt. 318,Female,Jaffna
Lisa Gibbs,785502654,kimberlyjames@example.com,8/16/2024,9909 Stacey Fords Apt. 412,Male,Kalutara
Juan Moore,709912737,mhayes@example.com,8/11/2024,4713 French Road,Female,Negombo
Regina Gonzalez,94776931713,stephensdeborah@example.com,9/7/2025,24994 Martinez Spurs,Male,Ratnapura
James Nelson,94761032728,mkim@example.org,10/23/2025,401 Suzanne Villages Apt. 490,Male,Ratnapura
Casey Stone,721470040,lmoon@example.net,11/25/2024,75655 Mia Isle Suite 746,Female,Ratnapura
Krista Gibson,94779224831,johnny16@example.net,9/6/2025,876 Jacob Lake,Male,Batticaloa
Kathleen Ramos,709625983,harrisandrea@example.com,11/27/2024,09324 Andrea Course Apt. 171,Male,Puttalam
Brittany Cantu,94739359649,william46@example.com,12/28/2025,8263 Michelle Harbor,Female,Anuradhapura
Sarah Morgan,94781327731,lori44@example.net,3/10/2025,78755 Gibson Islands Apt. 396,Female,Kilinochchi
Reginald Williams,743860862,zthornton@example.com,10/20/2024,0289 Kane Well,Male,Monaragala
Ariana Lozano,774168252,bowenrobert@example.net,12/21/2025,4596 Melissa Walk,Male,Monaragala
Kimberly Finley,772720917,cbrennan@example.net,3/2/2024,16117 Heather Burgs Apt. 504,Female,Negombo
Jeffrey Sanchez,782600932,yknight@example.org,5/15/2024,693 Durham Divide,Male,Hambantota
Mark Stevens,94717095594,nolansteven@example.com,5/21/2025,75946 Bryant Hollow,Female,Jaffna
James Webb,94760978250,patrickhoward@example.com,1/6/2026,64090 Wall Heights Apt. 953,Female,Puttalam
Lisa Byrd,789517832,courtneyberger@example.net,2/9/2024,95214 Burgess Extensions Apt. 285,Female,Matara
Susan Rivas,735691872,robin74@example.net,10/9/2025,1236 Davis Locks,Male,Galle
Joshua Gibson,94724276232,brenda51@example.net,6/30/2024,859 Deborah Roads,Female,Nuwara Eliya
Susan Turner,94763425993,cwilson@example.org,8/21/2024,13826 Watson Summit Suite 926,Female,Vavuniya
Sandra Gilbert,94787024354,antonio53@example.com,12/2/2024,1585 Raymond Field,Female,Vavuniya
Tiffany Holloway,94787506482,batesdarlene@example.net,12/21/2025,3293 Maria Plaza,Male,Polonnaruwa
Daniel Kane,790326145,kim90@example.com,9/30/2025,84210 Alexis Turnpike,Male,Mannar
Leah Smith,94701891618,brian68@example.org,7/10/2025,5891 Gordon Ridges Apt. 847,Female,Mannar
Amanda Lutz,709353184,gsimmons@example.com,6/15/2025,15921 Joshua Roads Suite 698,Male,Polonnaruwa
Jonathan Jordan,94729085688,farrelldebra@example.net,6/21/2025,7365 Ross Stream,Male,Matale
Jeffery Ortega,732725413,stephanie71@example.org,9/11/2025,1528 Brenda Points,Female,Matale
Meagan Jenkins,94758131263,uparrish@example.org,12/19/2025,1983 Diane Fork Apt. 585,Male,Nuwara Eliya
Donald Perez,94766103918,xbruce@example.net,4/4/2025,402 Park Inlet,Female,Kandy
Heather White,94764320775,ashleymorales@example.org,7/6/2025,83667 Moore Inlet,Female,Vavuniya
Paula Bradley,94717094446,wareeric@example.net,2/17/2024,7679 Perry Forge,Female,Kurunegala
Ashley Jordan,94755947216,erika97@example.net,5/13/2025,69003 Dougherty Trafficway,Male,Polonnaruwa
David Murphy,713253204,jimenezryan@example.org,10/15/2024,851 Hensley Canyon,Male,Hambantota
Joe Miller,94733177862,barbara96@example.net,4/23/2025,60529 Collier Lake Apt. 613,Female,Badulla
James Miller,94781463809,julie35@example.org,3/7/2024,835 Luna Viaduct,Male,Matale
Brittany Garcia,793117927,james92@example.net,3/7/2024,9979 Lin Road Suite 271,Male,Matale
Mark Hogan,729262308,bellcharles@example.com,12/7/2024,4119 Ford Plaza,Female,Ratnapura
Nancy Williams,784343135,marcalvarez@example.org,12/12/2025,51820 Jasmine Mill Apt. 554,Female,Batticaloa
Raymond Shelton,704704005,mccormickdeborah@example.org,9/9/2024,4925 Brandi Divide Suite 462,Male,Vavuniya
Teresa Collins,727271402,vschneider@example.org,5/15/2025,685 Michael Falls,Male,Monaragala
Gloria Miranda,736244289,jeremytaylor@example.org,8/15/2024,880 Walter River,Female,Badulla
James Martin,794789100,jenniferwilliams@example.com,5/20/2025,9473 Kyle Valleys,Female,Trincomalee
Stephanie Lee,744893745,smurray@example.com,1/13/2025,39240 Sawyer Plaza Apt. 814,Male,Colombo
Christopher Cole,756907535,mariahdavis@example.org,8/31/2025,60685 Paul Common Suite 305,Female,Mannar
Sara Santos,94719789710,devinmitchell@example.com,6/3/2025,779 Rebecca Brook,Female,Matale
Ruben Dunn,785188856,srodriguez@example.org,8/19/2024,69711 Carlson Brook,Male,Anuradhapura
Laura Higgins,789620308,ruben95@example.org,3/4/2025,185 Stephanie Plains,Male,Anuradhapura
Virginia Spencer,94783881767,cmarks@example.net,10/20/2024,0515 Jessica Road Apt. 952,Male,Nuwara Eliya
Joshua Li,94713530210,mariacohen@example.net,12/26/2024,17043 Kylie Canyon,Female,Puttalam
Eric Sanders,94735336317,wking@example.net,5/30/2024,54156 Paul Lights Suite 277,Male,Matara
Robert Adams,790763855,acostachristian@example.net,1/8/2026,451 Mark Hill,Female,Puttalam
Lance Simmons,752666288,cbell@example.net,10/8/2025,640 Emily Lodge Suite 820,Male,Ampara
Lawrence Harrington,94729108192,martinezjoel@example.net,10/5/2024,092 Rush Landing Suite 192,Female,Matale
Jennifer Banks,94754717159,susanjohnson@example.org,1/10/2025,144 Lewis Ridge Suite 731,Female,Matale
Benjamin Thompson,94741019443,zosborn@example.net,12/19/2025,518 Vance Vista Apt. 258,Female,Kurunegala
William Conner,94712785137,kristyjohnson@example.net,3/5/2025,291 Kyle Stravenue Suite 866,Male,Nuwara Eliya
Angela Compton,730047967,coleerin@example.com,4/14/2024,68018 Kevin Estates,Male,Badulla
Michael Reed,753167490,meghan43@example.net,12/11/2025,49818 Brittany Prairie Apt. 299,Female,Polonnaruwa
Thomas Williams,726953777,millerstacy@example.net,7/23/2024,690 Small Plains,Female,Negombo
Tyler Webb,94704776435,eevans@example.net,2/24/2024,7735 Larry Stravenue Suite 562,Male,Nuwara Eliya
Kayla Rodriguez,94784654221,stevenadams@example.org,4/23/2024,6963 Lisa Ports,Male,Nuwara Eliya
Cheryl Moore,745010613,tjimenez@example.com,1/28/2024,733 Williams Haven Suite 974,Female,Anuradhapura
